locus_tag,product,cai,start,end,strand
FN1495,unknown,0.787947739458511,0,2174500,-1
FN1504,Nickel-binding protein,0.808919127064603,8536,10105,-1
FN1505,"6,7-dimethyl-8-ribityllumazine synthase",0.8478272214975098,10535,11009,1
FN1510,unknown,0.8011582276168198,14320,14401,-1
FN1517,Leucyl-tRNA synthetase,0.7850123906560483,20965,23545,-1
FN1523,Dipeptide-binding protein,0.7708768679313877,28346,29927,1
FN1526,Fusobacterium outer membrane protein family,0.7711893663277136,31841,38273,-1
FN1529,Hypothetical protein,0.8131846624901597,43082,43454,-1
FN1533,Electron transfer flavoprotein alpha-subunit,0.7897540810857279,45439,46411,-1
FN1534,Electron transfer flavoprotein beta-subunit,0.786609008797548,46422,47202,-1
FN1535,"Acyl-CoA dehydrogenase, short-chain specific",0.8079174732839715,47213,48350,-1
FN1545,Ferredoxin like protein,0.7963746586547413,59272,59557,1
FN1547,PTS permease for N-acetylglucosamine and glucose,0.7782989458369651,61890,63360,-1
FN1549,Stomatin like protein,0.7849778604043405,64028,64913,1
FN1550,Hypothetical protein,0.8066846182833944,64976,65720,-1
FN1555,Protein Translation Elongation Factor Tu,0.7791329481075845,76341,77526,-1
FN1556,Protein Translation Elongation Factor G (EF-G),0.7749589531124229,77614,79696,-1
FN1557,SSU ribosomal protein S7P,0.8366843619399205,79741,80212,-1
FN1587,Acetyltransferase,0.7895677433405559,98980,99394,1
FN1588,unknown,0.8057559615672558,99695,99857,1
FN1593,RnfE protein,0.7816788225664467,103832,104450,-1
FN1594,Nitrogen fixation protein RNFG,0.7726998689654428,104449,104983,-1
FN1599,Hypothetical protein,0.7914167014722716,108366,108873,-1
FN1605,Adenylosuccinate synthetase,0.7727896423556163,114088,115366,-1
FN1619,Hypothetical cytosolic protein,0.8173866275606539,127365,127734,-1
FN1620,SSU ribosomal protein S2P,0.8346599084917831,128035,128779,1
FN1621,Protein Translation Elongation Factor Ts,0.8351499310605864,128812,129715,1
FN1623,Ribosome Recycling Factor (RRF),0.8032019391916455,130533,131106,1
FN1630,SSU ribosomal protein S8P,0.79331070770415,134622,135021,-1
FN1633,LSU ribosomal protein L24P,0.8848104366400779,135927,136029,-1
FN1634,LSU ribosomal protein L24P,0.8945408717989399,136167,136269,-1
FN1639,SSU ribosomal protein S3P,0.7723759975826144,137593,138253,-1
FN1641,SSU ribosomal protein S19P,0.8931677884096464,138641,138917,-1
FN1642,LSU ribosomal protein L2P,0.8008307858575265,138941,139772,-1
FN1643,LSU ribosomal protein L23P,0.8251253221549808,139819,140107,-1
FN1644,LSU ribosomal protein L1E,0.7732236607950225,140106,140736,-1
FN1645,LSU ribosomal protein L3P,0.7753225263660781,140755,141391,-1
FN1647,Hypothetical protein,0.8329551670537272,142122,142542,1
FN1652,Oligopeptide-binding protein oppA,0.8270874571437712,146130,147630,-1
FN1656,SSU ribosomal protein S18P,0.8873156398157022,152631,152850,-1
FN1661,Hypothetical cytosolic protein,0.7778885160055222,158052,158802,-1
FN1684,N-acetylneuraminate synthase,0.7848441066600974,179172,180228,-1
FN1697,Hypothetical protein,0.7790926304117658,192788,193775,-1
FN1699,"dTDP-4-dehydrorhamnose 3,5-epimerase",0.8317896023844518,194692,194941,-1
FN1707,Aldose 1-epimerase,0.7926456811823894,202320,203328,1
FN1710,"Integral membrane protein, YGGT family",0.8237278860100832,206131,206407,1
FN1721,unknown,0.8071487995245733,219750,220035,-1
FN1750,Pyruvate-flavodoxin oxidoreductase,0.7801263695922284,247950,248139,1
FN1751,Pyruvate-flavodoxin oxidoreductase,0.8037481881965854,248206,248503,1
FN1756,ThiS protein,0.7860522988243486,251830,252025,-1
FN1764,Enolase,0.8262575452296647,256782,258087,-1
FN1765,Pyruvate kinase,0.7768097893472236,258112,259540,-1
FN1780,Hypothetical protein,0.8095572910440382,261010,261754,-1
FN1781,LytB protein,0.7731232087592048,261821,264305,-1
FN1785,Hypothetical protein,0.7954994304613756,266301,266775,-1
FN1792,Hypothetical protein,0.867946818766652,272988,273354,-1
FN1794,Phosphocarrier protein HPr,0.7964007793272952,275417,275681,-1
FN1807,Hypothetical protein,0.771320696843888,288774,289569,-1
FN1808,Hypothetical protein,0.8668280838222006,289617,289995,-1
FN1809,Iron/zinc/copper-binding protein,0.779431297058599,290269,291121,-1
FN1812,Manganese-binding protein,0.7951580047173337,292941,293850,-1
FN1822,Flavodoxin,0.8194835397318799,311287,311797,1
FN1828,LSU ribosomal protein L9P,0.7861209482470816,317340,317790,-1
FN1833,Biopolymer transport exbD protein,0.7785642867321294,322311,322656,-1
FN1839,Glycerol kinase,0.7855890698126874,328411,329905,1
FN1841,Dihydroxyacetone kinase,0.7984084801774977,331018,331627,1
FN1852,unknown,0.85037371239088,341755,342136,1
FN1856,Butyrate-acetoacetate CoA-transferase subunit B,0.8645268155258713,345582,346236,-1
FN1857,Acetoacetate:butyrate/acetate coenzyme A transferase,0.7711939183577162,346253,346907,-1
FN1859,Major outer membrane protein,0.8198828456288345,348638,349745,-1
FN1862,"L-beta-lysine 5,6-aminomutase beta subunit",0.7799027052425787,352420,353212,-1
FN1867,Zn-dependent alcohol dehydrogenases and related dehydrogenases,0.8283552423424196,358649,359687,-1
FN1868,Hypothetical cytosolic protein,0.8077553495666796,359704,360523,-1
FN1869,Hypothetical protein,0.7715022101310067,360542,360929,-1
FN1876,4-methyl-5(B-hydroxyethyl)-thiazole monophosphate biosynthesis enzyme,0.8011590213507138,364551,365154,-1
FN1878,unknown,0.7898384671757016,366846,367146,1
FN1879,SSU ribosomal protein S20P,0.8277374990557034,367294,367567,1
FN1881,Esterase,0.7957341084305386,368339,368729,-1
FN1884,unknown,0.8628718452411565,370417,370597,-1
FN1890,Hypothetical protein,0.7768092430679463,373134,373311,-1
FN1892,unknown,0.8275663366486935,377787,377970,1
FN1899,Hypothetical lipoprotein,0.8161761885361267,386803,388054,-1
FN1901,"Transcription regulator, CRP family",0.7750955962655277,389453,390107,-1
FN1906,Cytosol aminopeptidase,0.7854983156860256,398506,399943,1
FN1908,Glycerophosphoryl diester phosphodiesterase,0.7718541768161636,400685,401759,-1
FN1910,periplasmic protein,0.8126879752749204,402824,403298,-1
FN1954,Glycerophosphoryl diester phosphodiesterase,0.780097437136949,459866,460082,-1
FN1966,Hypothetical protein,0.8168117476140213,465254,465467,-1
FN1973,Translation initiation inhibitor,0.8916791556061637,472319,472706,-1
FN1978,Cell division protein ftsH,0.7735980346820641,479618,481763,1
FN1983,Alkyl hydroperoxide reductase C22 protein,0.8332866539967713,484758,485325,1
FN1984,Thioredoxin reductase,0.7739054910906713,485626,487264,1
FN1988,Tyrosine phenol-lyase,0.822432951782008,491057,492440,1
FN1992,Ribose-phosphate pyrophosphokinase,0.775792554569563,496104,497055,1
FN2007,Glutathione peroxidase,0.8049587135526505,506966,507566,-1
FN2014,ATP-dependent protease La,0.7824437507263181,514757,517064,-1
FN2017,"Trigger factor, ppiase",0.8285653288305456,519041,520331,-1
FN2030,Inorganic pyrophosphatase,0.7987408341619405,534118,536134,-1
FN2037,LSU ribosomal protein L12P (L7/L12),0.875731144178344,546858,547227,-1
FN2038,LSU ribosomal protein L10P,0.8113358008909245,547273,547786,-1
FN2039,LSU ribosomal protein L1P,0.8122103720195194,547939,548647,-1
FN2040,LSU ribosomal protein L11P,0.7912460348219065,548707,549133,-1
FN2049,unknown,0.7728337752304844,559414,559663,-1
FN2050,Hypothetical membrane-spanning protein,0.7935115155285306,559679,560060,-1
FN2060,unknown,0.7728337752304844,573490,573739,-1
FN2061,Hypothetical membrane-spanning protein,0.7935115155285306,573755,574136,-1
FN2071,unknown,0.7828608153619435,582213,582465,-1
FN2082,Formate--tetrahydrofolate ligase,0.7929251092259518,593346,594981,-1
FN2085,Hypothetical Exported Protein,0.800536678979269,596649,597135,-1
FN2099,unknown,0.7715065172018147,608384,608762,1
FN2103,tricarboxylate-binding protein,0.7740924616802987,613342,614269,1
FN2110,Hypothetical exported 24-amino acid repeat protein,0.8443854315533185,621997,622420,-1
FN2120,Hypothetical exported 24-amino acid repeat protein,0.7782702629693612,628450,629020,-1
FN2121,Hypothetical exported 24-amino acid repeat protein,0.8133871944462487,629125,629818,-1
FN0001,Chromosomal replication initiator protein dnaA,0.8136567581235027,639954,641868,-1
FN0004,Inner membrane protein,0.8063969457035567,643276,643894,1
FN0005,Jag protein,0.7780621479385533,644147,644639,1
FN0008,Quinolinate synthetase A,0.7889735002106757,648149,649046,1
FN0017,Hypothetical protein,0.8153902795935828,654769,656017,1
FN0024,Hypothetical exported 24-amino acid repeat protein,0.7940950624869781,663190,663877,1
FN0034,unknown,0.7748902301475877,675528,676179,-1
FN0041,unknown,0.8057460880408771,680708,680897,-1
FN0050,Fumarate reductase flavoprotein subunit,0.7753924123877718,687182,688859,1
FN0060,D-alanyl-D-alanine carboxypeptidase,0.7837995138310045,695913,697020,1
FN0063,unknown,0.8367165037482572,699121,699454,1
FN0067,Isoleucyl-tRNA synthetase,0.7871787656067194,704676,707478,1
FN0069,Glycyl-tRNA synthetase alpha chain,0.7940292618450454,707948,708821,1
FN0080,Ethanolamine ammonia-lyase light chain,0.7790384011390998,719180,720068,1
FN0083,Ethanolamine utilization protein eutM precursor,0.8243923604098772,721319,721604,1
FN0088,Hypothetical protein,0.784680242949416,725026,725362,1
FN0090,Ethanolamine utilization protein eutQ,0.7707503957913997,726454,726904,1
FN0093,Thioredoxin,0.8108024428316002,729308,729620,1
FN0099,Inorganic pyrophosphatase,0.8017721760944895,734821,735175,1
FN0100,Flavodoxins/hemoproteins,0.7771533505013045,735208,735856,-1
FN0110,Seryl-tRNA synthetase,0.7713180376247859,744882,746157,-1
FN0116,Chaperone protein dnaK,0.782363971847922,748392,750216,1
FN0120,unknown,0.7912188285774594,752807,752981,-1
FN0122,unknown,0.7970047864518159,753540,753711,1
FN0128,Spermidine/putrescine-binding protein,0.7836809123707891,756790,757735,1
FN0135,Transposase,0.8099537767826084,770377,770665,1
FN0141,unknown,0.8381300069423099,773292,773355,-1
FN0142,Hypothetical protein,0.8002699817676006,773414,773897,1
FN0149,Malonyl-CoA-[acyl-carrier-protein] transacylase,0.7995677667937355,777625,778525,1
FN0150,Acyl carrier protein,0.8559027253077687,778592,778820,1
FN0151,3-oxoacyl-[acyl-carrier-protein] synthase,0.805163720910052,778910,780152,1
FN0164,Anhydro-N-acetylmuramyl-tripeptide amidase,0.7988328738220337,792484,793351,1
FN0165,Hypothetical protein,0.7712134118673137,793630,793858,1
FN0174,Enoyl-[acyl-carrier-protein] reductase,0.8080197820710168,799566,800523,1
FN0187,Thiol:disulfide interchange protein tlpA,0.7986460811779558,811729,812359,1
FN0188,Peptide methionine sulfoxide reductase,0.8311118332457099,812415,813312,1
FN0200,Biotin carboxyl carrier protein of glutaconyl-COA decarboxylase,0.7930518705269666,826262,826667,1
FN0203,Glutaconate CoA-transferase subunit B,0.8043153755914382,828887,829691,1
FN0207,(R)-2-hydroxyglutaryl-CoA dehydratase alpha-subunit,0.8169952381726582,833757,835086,1
FN0209,Hypothetical cytosolic protein,0.8189731838708538,836266,836860,1
FN0210,"Transcriptional regulator, COPG family",0.873945893650666,837137,837356,1
FN0211,Plasmid addiction system poison protein,0.7877630540199699,837363,837630,1
FN0221,Carbon starvation protein A,0.8139885954100183,845348,846773,1
FN0231,unknown,0.7726443454584659,857327,857441,-1
FN0236,ABC transporter substrate-binding protein,0.7736413799721441,860501,861506,-1
FN0241,Dihydrofolate reductase,0.801542793778601,864860,865355,1
FN0244,COP associated protein,0.7824545014556293,868254,868425,1
FN0247,Hypothetical cytosolic protein,0.7758659141266453,870846,871638,1
FN0251,Hypothetical membrane-spanning Protein,0.7998796897826974,873935,874316,1
FN0252,unknown,0.7892893389631562,874332,874581,1
FN0253,Outer membrane protein,0.786654314403654,874649,875123,1
FN0254,Fusobacterium outer membrane protein family,0.7793355959280502,876416,881450,1
FN0259,Zinc-transporting ATPase,0.7770865260981724,886126,886348,-1
FN0260,Transcriptional repressor smtB,0.8115141998572621,886350,886728,-1
FN0262,Formate acetyltransferase,0.808101765234987,887665,889897,-1
FN0264,Hypothetical protein,0.8132458967477841,891001,891391,1
FN0278,Xaa-His dipeptidase,0.7956777779029485,904395,905754,-1
FN0282,Hypothetical protein,0.7775847828079817,912205,912769,-1
FN0284,16S rRNA processing protein rimM,0.7800105086658177,913491,914013,-1
FN0289,Hypothetical protein,0.7845509726188585,915975,916902,-1
FN0294,Transketolase subunit A,0.7825190571965692,927288,928101,1
FN0295,Transketolase,0.8033637198991495,928125,929055,1
FN0305,Iron(III) dicitrate-binding protein,0.803928440513556,940218,941229,1
FN0308,Iron(III)-binding protein,0.8106695421506324,943161,944220,1
FN0322,Fructose-bisphosphate aldolase,0.798634305293077,959752,960640,1
FN0325,LSU ribosomal protein L20P,0.8761419012756437,961013,961364,-1
FN0334,Aspartate/aromatic aminotransferase,0.7732700321719599,967908,969156,-1
FN0345,Permease,0.7770844859030726,977850,978846,-1
FN0355,S-adenosylmethionine synthetase,0.8299022159292672,986165,987317,-1
FN0357,"ATP synthase epsilon chain, sodium ion specific",0.7850665054774276,987961,988366,-1
FN0361,"ATP synthase delta chain, sodium ion specific",0.7966327483785354,992470,992995,-1
FN0363,"ATP synthase C chain, sodium ion specific",0.8196806450341244,993523,993793,-1
FN0368,Adenylosuccinate lyase,0.8026927090180829,997127,998561,-1
FN0373,unknown,0.8011582276168198,1002524,1002605,1
FN0375,Iron(III)-binding protein,0.8288441958053617,1005432,1006491,1
FN0388,Tetracenomycin polyketide synthesis O-methyltransferase tcmP,0.7741327197870883,1026689,1027499,-1
FN0389,Hypothetical protein,0.7855917416847186,1027700,1028102,1
FN0390,Hypothetical protein,0.8437899942532798,1028156,1028558,-1
FN0396,Dipeptide-binding protein,0.823369520609912,1034342,1035878,1
FN0399,Dipeptide transport ATP-binding protein dppD,0.776418321024314,1037785,1038793,1
FN0404,unknown,0.8011582276168198,1042352,1042433,1
FN0425,Hypothetical cytosolic protein,0.803354576804407,1068169,1068835,1
FN0426,Orotidine 5'-phosphate decarboxylase,0.7906630573445098,1068859,1069573,1
FN0451,Hypothetical protein,0.7804378142243917,1094992,1095487,1
FN0453,Xaa-Pro aminopeptidase,0.7719387994686074,1097686,1099441,1
FN0455,Rubrerythrin,0.854382435747859,1101333,1101873,1
FN0459,Hypothetical exported 24-amino acid repeat protein,0.7795481600083984,1104748,1105609,1
FN0461,Probable sigma(54) modulation protein,0.8046204525558434,1106661,1107207,1
FN0466,Lysyl-tRNA synthetase,0.7927575959181842,1111440,1112922,1
FN0470,Putative efflux pump component MtrF,0.7754989843400806,1114880,1116419,1
FN0472,Flavodoxin,0.8806563382407393,1117751,1118255,-1
FN0482,LSU ribosomal protein L31P,0.7827603312633171,1128434,1128680,1
FN0488,NAD-specific glutamate dehydrogenase,0.84781915565987,1133196,1134516,1
FN0494,Short chain dehydrogenase,0.7761859435692383,1138916,1139648,1
FN0495,Acetyl-CoA acetyltransferase,0.8148050070715759,1139706,1140915,1
FN0496,unknown,0.7765939080351258,1141049,1141271,1
FN0498,unknown,0.7725214672730517,1141627,1143379,-1
FN0500,Hypothetical protein,0.7713612450807351,1149082,1149652,1
FN0512,Flavoprotein,0.797907332951835,1161475,1162687,-1
FN0513,Flavodoxin,0.8048775434349268,1162857,1163286,-1
FN0514,Hypothetical protein,0.7822108128065663,1163570,1163972,1
FN0516,Acriflavin resistance protein E,0.8011786683226821,1167092,1168166,-1
FN0527,Alanyl-tRNA synthetase,0.7799268460936916,1183066,1184188,-1
FN0528,Cold shock protein,0.8212478369767479,1184590,1184806,1
FN0530,unknown,0.8011582276168198,1186414,1186495,1
FN0536,"DNA polymerase III, beta chain",0.8150456339821892,1190095,1191241,-1
FN0537,Hypothetical membrane-spanning protein,0.7737176130786114,1191258,1191843,-1
FN0541,polysaccharide deacetylase,0.794526814072091,1194301,1195357,1
FN0558,TraT complement resistance protein precursor,0.7845150570150194,1210821,1211472,1
FN0562,Hypothetical cytosolic protein,0.8192404928261594,1215103,1215439,1
FN0575,unknown,0.7793184052110225,1225470,1225644,1
FN0593,UDP-3-O-[3-hydroxymyristoyl] N-acetylglucosamine deacetylase,0.7780335454118918,1248051,1248903,1
FN0594,(3R)-hydroxymyristoyl-[acyl carrier protein] dehydratase,0.7752626159320328,1248924,1249350,1
FN0602,Hypothetical protein,0.7743986212364764,1256788,1257499,1
FN0611,Threonyl-tRNA synthetase,0.7873273164674648,1268498,1270361,1
FN0618,Spermidine/putrescine-binding protein,0.816968424092258,1277800,1278829,-1
FN0624,NA+/H+ antiporter NHAC,0.7706789674959306,1283084,1284419,-1
FN0625,Aspartate aminotransferase,0.7718128586587366,1284408,1285605,-1
FN0628,Glucosamine--fructose-6-phosphate aminotransferase (isomerizing),0.7859079374475025,1287288,1288347,-1
FN0632,"PTS system, IIA component",0.7959412712262174,1290431,1290866,-1
FN0634,GTP-binding protein TypA/BipA,0.7885180459578115,1292379,1294197,-1
FN0637,Hypothetical exported 24-amino acid repeat protein,0.7857321327376482,1295725,1296244,-1
FN0646,Glutamyl-tRNA reductase,0.7962099274299798,1302389,1303379,-1
FN0652,Glyceraldehyde 3-phosphate dehydrogenase,0.847009517057401,1310501,1311509,1
FN0654,Phosphoglycerate kinase,0.8013179162917972,1312246,1313443,1
FN0655,unknown,0.8462533281642048,1313511,1313850,1
FN0656,Hypothetical protein,0.8250390453075149,1313864,1314245,1
FN0664,2-nitropropane dioxygenase,0.772380847042399,1319897,1321046,1
FN0665,hypothetical cytosolic protein,0.7975872675580873,1321224,1321686,1
FN0666,Hypothetical protein,0.7770674462802512,1321738,1322356,1
FN0668,High-affinity zinc uptake system protein znuA precursor,0.8406293960618618,1324108,1325047,1
FN0675,60 kDa chaperonin GROEL,0.8053055450062216,1330560,1332180,-1
FN0678,Ser/Thr protein kinase,0.8106527329057545,1334108,1334711,1
FN0681,"Transcriptional regulator, MarR family",0.772532443324782,1336254,1336932,1
FN0683,Hypothetical protein,0.7918127999985966,1338603,1338849,-1
FN0684,Prismane protein,0.8048328142610696,1339030,1340731,1
FN0688,Hypothetical protein,0.7854643404109182,1344207,1344669,1
FN0689,Hypothetical protein,0.8351958063655454,1344797,1345259,1
FN0690,Hypothetical protein,0.8210852867455013,1345326,1345791,1
FN0701,Methyltransferase,0.7750052072590795,1359400,1360954,1
FN0702,N-acyl-L-amino acid amidohydrolase,0.892833129469887,1361014,1361092,-1
FN0708,Hypothetical cytosolic protein,0.7797757244907685,1366807,1367485,1
FN0715,Hypothetical protein,0.7839038954569597,1373243,1374116,1
FN0720,Protein Translation Elongation Factor P (EF-P),0.8214019345187288,1377115,1377679,1
FN0728,Hypothetical protein,0.7806589100402211,1385574,1386210,-1
FN0729,Phosphoglycerate mutase,0.7924537648962598,1386493,1387180,1
FN0731,Hypothetical protein,0.7899626807513693,1387859,1388393,1
FN0740,Imidazolonepropionase,0.8142500378831877,1397762,1399004,-1
FN0741,Glutamate formiminotransferase,0.8138431624513967,1399080,1400046,-1
FN0747,Phosphohydrolase (MUTT/NUDIX family protein),0.8010965845092843,1405828,1406344,-1
FN0754,Glutamyl-tRNA(Gln) amidotransferase subunit A,0.7725120795792517,1413272,1414736,-1
FN0758,Rod shape-determining protein mreB,0.7752044741683383,1416303,1417365,-1
FN0783,acyl-CoA dehydrogenase,0.8329891035037765,1439305,1440451,1
FN0784,Electron transfer flavoprotein beta-subunit,0.834319443688507,1440471,1441260,1
FN0785,Electron transfer flavoprotein alpha-subunit,0.8383865118469981,1441285,1442461,1
FN0791,Histidine ammonia-lyase,0.8011413095067538,1446835,1448386,1
FN0792,Urocanate hydratase,0.8041282575148524,1448402,1450424,1
FN0793,Sodium/glutamate symport carrier protein,0.7936328332146186,1450651,1451851,1
FN0796,"Pyruvate,phosphate dikinase",0.775916694169343,1453147,1455703,1
FN0800,Amino acid-binding protein,0.8050721517036331,1460036,1460729,-1
FN0801,Amino acid transport ATP-binding protein,0.7757036507540261,1460794,1461523,-1
FN0803,Cytochrome C-TYPE biogenesis protein ccdA,0.7713740659427826,1462539,1463961,-1
FN0807,3-deoxy-manno-octulosonate cytidylyltransferase,0.7746649959714793,1467246,1467984,-1
FN0809,23S rRNA methyltransferase,0.817034232056864,1468714,1469167,1
FN0810,Low-specificity threonine aldolase,0.7972201668658926,1469177,1470200,1
FN0820,Mercuric reductase,0.8180606950519287,1479499,1480879,1
FN0826,periplasmic component of efflux system,0.7816410704762119,1486634,1487651,1
FN0832,Hypothetical protein,0.7715848087958417,1494444,1494909,1
FN0836,Hypothetical protein,0.8616334191924546,1498941,1499238,1
FN0846,Hypothetical Exported Protein,0.799009262765218,1504381,1505296,1
FN0852,Hydrolase,0.7965381397961623,1510363,1510963,1
FN0854,Glucose-1-phosphate adenylyltransferase,0.7974718429203794,1512413,1513577,-1
FN0860,Hypothetical protein,0.8081406720593631,1521395,1521653,-1
FN0865,unknown,0.7764243787902797,1523129,1523855,-1
FN0868,ATPases of the PP superfamily,0.7990488716538471,1527306,1528140,-1
FN0887,Oligoendopeptidase F,0.7847542442613088,1547998,1549801,-1
FN0889,hypothetical protein,0.8306578741500192,1551099,1551483,-1
FN0895,unknown,0.7932388076388791,1554998,1555463,-1
FN0896,Hypothetical protein,0.7935499040784023,1555486,1555870,-1
FN0902,5-formyltetrahydrofolate cyclo-ligase,0.7829702532912802,1560688,1561234,1
FN0905,Hypothetical protein,0.7843812026385019,1563870,1564176,-1
FN0921,Hypothetical protein,0.7708479656113307,1575642,1576572,-1
FN0922,Homoserine kinase,0.7999077249604261,1576677,1577616,-1
FN0931,Phosphohydrolase (MUTT/NUDIX family protein),0.7943282764164669,1584022,1584640,-1
FN0938,Hypothetical protein,0.7750596259193228,1590426,1591215,-1
FN0940,Hypothetical protein,0.7820561993725373,1593064,1593598,-1
FN0941,Gamma-glutamyltranspeptidase,0.771375983925792,1593616,1595356,-1
FN0947,Hypothetical protein,0.8419920915172764,1600596,1601409,1
FN0951,Precorrin-3B C17-methyltransferase,0.791173496342803,1607836,1608586,-1
FN0956,Hypothetical protein,0.7739135574184338,1612547,1612796,-1
FN0957,Precorrin-4 C11-methyltransferase,0.8098551851953969,1612895,1613669,-1
FN0958,unknown,0.7894550093343934,1613706,1614387,-1
FN0961,Hypothetical protein,0.7826396781804956,1615789,1616254,-1
FN0969,Hypothetical protein,0.7819793025934092,1621895,1622672,-1
FN0977,Cobyric acid synthase,0.7859326937009407,1629179,1630670,-1
FN0979,Hypothetical protein,0.7759761232302577,1632235,1632604,1
FN0981,Phosphoribosylamine--glycine ligase,0.7746787927287062,1632929,1634210,-1
FN0982,Phosphoribosylaminoimidazolecarboxamide formyltransferase,0.7735129474359975,1634226,1635741,-1
FN0986,Phosphoribosylformylglycinamidine cyclo-ligase,0.8128717480069767,1637934,1638954,-1
FN0988,Phosphoribosylamidoimidazole-succinocarboxamide synthase,0.8618657075497839,1640344,1641058,-1
FN0989,Phosphoribosylaminoimidazole carboxylase catalytic subunit,0.7775759905269899,1641283,1641757,-1
FN0994,Hypothetical protein,0.7885913567615559,1649362,1650088,1
FN1003,Outer membrane protein P1 precursor,0.830924307488724,1658961,1659783,1
FN1006,Acetyltransferase,0.7876355931820093,1661087,1661486,-1
FN1010,Hypothetical cytosolic protein,0.8044925525660528,1664401,1664698,-1
FN1014,Folylpolyglutamate synthase,0.7724707324043336,1668443,1669691,-1
FN1015,5'-methylthioadenosine nucleosidase,0.786309494060555,1669690,1670404,-1
FN1019,3-hydroxybutyryl-CoA dehydrogenase,0.8222034934095467,1673034,1673874,-1
FN1020,3-hydroxybutyryl-CoA dehydratase,0.7870393578389379,1673889,1674666,-1
FN1023,5-Nitroimidazole antibiotic resistance protein,0.7843070713154076,1677649,1678120,-1
FN1029,Zinc protease,0.7724591980112874,1682474,1683701,-1
FN1037,Hypothetical cytosolic protein,0.7755350159545372,1689586,1690033,1
FN1057,Diamine acetyltransferase,0.8245878733463522,1704465,1704906,1
FN1062,Hydrolase,0.7995374513413155,1708493,1709276,-1
FN1069,DNA topoisomerase I,0.7796869427411868,1714871,1717142,1
FN1078,Hypothetical exported 24-amino acid repeat protein,0.8537951819626454,1724292,1724838,1
FN1079,Neutrophil-activating protein A,0.8534200633694947,1725102,1725537,1
FN1083,putative surface protein,0.7721773646598717,1728102,1728699,1
FN1085,4-methyl-5(B-hydroxyethyl)-thiazole monophosphate biosynthesis enzyme,0.785997608360235,1729073,1729622,1
FN1088,NADH oxidase,0.79133028733164,1731847,1733155,1
FN1094,Dolichol-phosphate mannosyltransferase,0.7723801556665992,1738796,1739879,-1
FN1095,unknown,0.775895878345776,1740371,1740734,1
FN1097,Hypothetical protein,0.7912267705831778,1741979,1743767,1
FN1098,unknown,0.8224172053291517,1743811,1743958,1
FN1105,Hypothetical protein,0.8109393483561393,1750180,1750678,1
FN1106,L-serine dehydratase,0.770756331788044,1750706,1751933,1
FN1107,Acetyltransferase,0.8121546035049346,1752100,1752427,1
FN1119,LSU ribosomal protein L27P,0.7918478170558605,1761028,1761313,1
FN1123,Thioredoxin-like protein,0.7911253171417265,1767617,1768091,1
FN1125,LemA protein,0.7760458097370563,1769349,1769901,-1
FN1126,Acetyltransferase,0.7977762055103663,1769909,1770377,-1
FN1128,Acylamino-acid-releasing enzyme,0.7805754627574415,1772242,1774225,-1
FN1133,N-acetylglucosamine-6-phosphate deacetylase,0.786994106401885,1780358,1781519,-1
FN1134,Hypothetical cytosolic protein,0.785281956498274,1781634,1782102,1
FN1144,Hypothetical Exported Protein,0.8277559458095437,1793492,1794242,-1
FN1145,Oligoendopeptidase F,0.7857605758921483,1794341,1796021,-1
FN1147,Hypothetical protein,0.7956448670487595,1796683,1797919,-1
FN1159,"Fructose-1,6-bisphosphatase",0.7812450133406328,1814870,1815911,1
FN1165,D-galactose-binding protein,0.8068178579101238,1823037,1824063,1
FN1170,Pyruvate-flavodoxin oxidoreductase,0.8243432975063351,1828796,1832363,-1
FN1171,Acetate kinase,0.8001719354937266,1832454,1833651,-1
FN1172,Phosphate acetyltransferase,0.7859326906988243,1833701,1834715,-1
FN1174,unknown,0.7961021449963299,1835585,1835792,1
FN1187,Amino acid-binding protein,0.7745492036176214,1850021,1850741,1
FN1189,Hypothetical protein,0.7861140133035809,1851459,1851810,1
FN1191,unknown,0.8000905363021926,1854057,1854789,1
FN1192,unknown,0.8107381762744885,1854818,1855091,1
FN1196,Hypothetical protein,0.8013381304705282,1856601,1857135,-1
FN1209,Hypothetical RNA binding protein,0.8194283513265627,1868704,1869004,-1
FN1210,Metal dependent hydrolase,0.7809715652228423,1869029,1870856,-1
FN1219,Hypothetical protein,0.8006161796079426,1878705,1879161,1
FN1221,Hypothetical protein,0.7867273949863043,1880483,1881350,1
FN1224,2-dehydro-3-deoxyphosphooctonate aldolase,0.8179830627865792,1882629,1883490,-1
FN1228,Hypothetical protein,0.8195533143591605,1885971,1886280,-1
FN1230,Hypothetical cytosolic protein,0.774268962666034,1886773,1887262,-1
FN1234,Hypothetical protein,0.8014558057239985,1890279,1890936,1
FN1241,polysaccharide biosynthesis protein,0.7894731891417858,1897870,1898602,-1
FN1252,34 kDa membrane antigen precursor,0.8237373708800049,1909507,1910194,1
FN1254,Oxygen-insensitive NAD(P)H nitroreductase,0.8141592624621191,1910588,1911104,-1
FN1256,C4-dicarboxylate transporter large subunit,0.7742817772617909,1912009,1913296,-1
FN1258,C4-dicarboxylate-binding protein,0.8039797670873912,1913881,1914883,-1
FN1267,Hypothetical protein,0.7905820406564604,1923143,1923761,-1
FN1268,Methionyl-tRNA synthetase,0.7811872808923502,1923772,1925683,-1
FN1282,LSU ribosomal protein L17P,0.8216161106671667,1941358,1941709,-1
FN1284,SSU ribosomal protein S4P,0.7760439135488056,1942745,1943333,-1
FN1286,SSU ribosomal protein S13P,0.7745849594196377,1943807,1944164,-1
FN1295,Acetyltransferase,0.778789366365042,1953247,1953655,-1
FN1296,unknown,0.8091904425088957,1953721,1954231,-1
FN1297,Methionine aminopeptidase,0.8001453801629534,1954306,1955071,-1
FN1298,Adenylate kinase,0.824767719303546,1955080,1955716,-1
FN1299,"dTDP-glucose 4,6-dehydratase",0.814018319023073,1955784,1956714,-1
FN1309,Hypothetical protein,0.8531843024441339,1964995,1965190,1
FN1313,Oligopeptide-binding protein oppA,0.7767647161773894,1967192,1968617,1
FN1323,Thymidylate kinase,0.7833953451828771,1978564,1979242,-1
FN1324,1-deoxy-D-xylulose 5-phosphate reductoisomerase,0.7758496406358009,1979229,1980402,-1
FN1332,Bacterial Peptide Chain Release Factor 1 (RF-1),0.7734214645411904,1986155,1987253,-1
FN1340,Glutamyl-tRNA synthetase,0.8083778514243833,1993442,1994993,-1
FN1346,Hypothetical cytosolic protein,0.7879314263636779,1999066,1999669,-1
FN1347,Hypothetical cytosolic protein,0.8076814708865087,1999733,2000390,-1
FN1364,LSU ribosomal protein L32P,0.8451699989379773,2015471,2015651,-1
FN1366,Triosephosphate isomerase,0.79287447730524,2016852,2017608,-1
FN1378,Citrate lyase acyl carrier protein,0.8360061423578599,2026201,2026486,1
FN1392,SSU ribosomal protein S16P,0.7950281568992198,2049285,2049549,-1
FN1395,unknown,0.7741682927298121,2051320,2051620,-1
FN1401,Urocanate hydratase,0.7713095624643608,2058731,2060486,1
FN1404,Imidazolonepropionase,0.7714922022302769,2063205,2064426,1
FN1405,Formiminotetrahydrofolate cyclodeaminase,0.803897207126327,2064426,2064996,1
FN1406,Histidine ammonia-lyase,0.8347994837122495,2065016,2066552,1
FN1407,Glutamate formiminotransferase,0.8159963052883,2066569,2067451,1
FN1419,Methionine gamma-lyase,0.7945747745446478,2080704,2081892,1
FN1432,"Leucine-, isoleucine-, valine-, threonine-, and alanine-binding protein",0.8270894452502731,2100518,2101670,-1
FN1433,Short chain dehydrogenase,0.7885840627133559,2101827,2102610,-1
FN1437,LSU ribosomal protein L28P,0.8123463946080615,2105979,2106237,-1
FN1441,"PTS system, fructose-specific IIABC component",0.7859717897361892,2108350,2110183,1
FN1451,Cell division protein ftsZ,0.7819967229497995,2131717,2132800,-1
FN1463,pyridoxine biosynthesis protein,0.7955553318875522,2145141,2145984,1
FN1467,Hypothetical protein,0.789865422723486,2149346,2149901,1
FN1472,N-acetylneuraminate-binding protein,0.8049993219919911,2154164,2155148,1
FN1476,N-acetylmannosamine-6-phosphate 2-epimerase,0.7911939249494366,2158811,2159486,1
FN1483,Adenine phosphoribosyltransferase,0.7741393984209526,2166100,2166613,-1
